{
    "type" : "GXGraph",
    "vertices" : [
        {
            "name" : "A",
            "posx" : "782",
            "posy" : "344",
        },
        {
            "name" : "B",
            "posx" : "924",
            "posy" : "414",
        },
        {
            "name" : "C",
            "posx" : "713",
            "posy" : "159",
        },
        {
            "name" : "D",
            "posx" : "694",
            "posy" : "350",
        },
        {
            "name" : "E",
            "posx" : "576",
            "posy" : "142",
        },
        {
            "name" : "F",
            "posx" : "581",
            "posy" : "354",
        },
        {
            "name" : "G",
            "posx" : "592",
            "posy" : "541",
        },
        {
            "name" : "H",
            "posx" : "597",
            "posy" : "705",
        },
        {
            "name" : "I",
            "posx" : "358",
            "posy" : "185",
        },
        {
            "name" : "J",
            "posx" : "362",
            "posy" : "524",
        },
        {
            "name" : "K",
            "posx" : "395",
            "posy" : "685",
        },
        {
            "name" : "L",
            "posx" : "395",
            "posy" : "829",
        },
        {
            "name" : "S",
            "posx" : "840",
            "posy" : "259",
        },
        {
            "name" : "Z",
            "posx" : "261",
            "posy" : "885",
        }
    ],
    "edges" : [
        {
            "vertex1" : "S",
            "vertex2" : "A",
            "weight" :"2",
        },
        {
            "vertex1" : "S",
            "vertex2" : "B",
            "weight" :  "4",
        },
        {    
            "vertex1" : "S",
            "vertex2" : "C",
            "weight" :  "8",
        },
        {
            "vertex1" : "A",
            "vertex2" : "B",
            "weight" :  "3",
        },
        {
            "vertex1" : "A",
            "vertex2" : "D",
            "weight" :  "3",
        },
        {
            "vertex1" : "B",
            "vertex2" : "H",
            "weight" :  "2",
        },
        {
            "vertex1" : "C",
            "vertex2" : "D",
            "weight" :  "2",
        },
        {
            "vertex1" : "C",
            "vertex2" : "E",
            "weight" :  "2",
        },
        {
            "vertex1" : "D",
            "vertex2" : "F",
            "weight" :  "5",
        },
        {
            "vertex1" : "E",
            "vertex2" : "F",
            "weight" :  "3",
        },
        {
            "vertex1" : "E",
            "vertex2" : "I",
            "weight" :  "7",
        },
        {
            "vertex1" : "F",
            "vertex2" : "G",
            "weight" :  "1",
        },
        {
            "vertex1" : "F",
            "vertex2" : "I",
            "weight" :  "5",
        },
        {
            "vertex1" : "G",
            "vertex2" : "J",
            "weight" :  "8",
        },
        {
            "vertex1" : "G",
            "vertex2" : "H",
            "weight" :  "6",
        },
        {
            "vertex1" : "H",
            "vertex2" : "K",
            "weight" :  "10",
        },
        {
            "vertex1" : "H",
            "vertex2" : "L",
            "weight" :  "12",
        },
        {
            "vertex1" : "I",
            "vertex2" : "J",
            "weight" :  "2",
        },
        {
            "vertex1" : "J",
            "vertex2" : "K",
            "weight" :  "3",
        },
        {
            "vertex1" : "J",
            "vertex2" : "Z",
            "weight" :  "4",
        },{
            "vertex1" : "K",
            "vertex2" : "L",
            "weight" :  "3",
        },{
            "vertex1" : "K",
            "vertex2" : "Z",
            "weight" :  "7",
        },{
            "vertex1" : "L",
            "vertex2" : "Z",
            "weight" :  "4",
        }
    ],
    "startVertex" : "S",
    "endVertex" : "Z"
}