{
    "type" : "GXGraph",
    "vertices" : [
        {
            "name" : "S",
            "posx" : "200",
            "posy" : "200",
        },
        {
            "name" : "Z",
            "posx" : "850",
            "posy" : "850",
        },
        {
            "name" : "B",
            "posx" : "300",
            "posy" : "400",
        },
        {
            "name" : "A",
            "posx" : "400",
            "posy" : "450",
        },
        {
            "name" : "D",
            "posx" : "700",
            "posy" : "400",
        },
        {
            "name" : "C",
            "posx" : "500",
            "posy" : "850",
        }
    ],
    "edges" : [
        {
            "vertex1" : "C",
            "vertex2" : "Z",
            "weight" :"1",
        },
        {
            "vertex1" : "D",
            "vertex2" : "Z",
            "weight" :"3",
        },
        {
            "vertex1" : "S",
            "vertex2" : "B",
            "weight" :"2",
        },
        {
            "vertex1" : "S",
            "vertex2" : "A",
            "weight" :"2",
        }
    ],
    "startVertex" : "S",
    "endVertex" : "Z"
}