{
    "type" : "GXGraph",
    "vertices" : [
        {
            "name" : "A",
            "posx" : "788",
            "posy" : "360",
        },
        {
            "name" : "B"
            "posx" : "928",
            "posy" : "429",
        },
        {
        {
            "name" : "L",
            "posx" : "426",
            "posy" : "767",
        },
        {
            "name" : "S",
            "posx" : "969",
            "posy" : "353",
        },
        {
            "name" : "Z",
            "posx" : "281",
     
            "vertex2" : "C",
            "weight" :  "8",
        },
        {
            "vertex1" : "A",
            "vertex2" : "B",
            "weight" :  "3",
        },
        {
            "vertex1" : "A",
            "vertex2" : "D",
            "weight" :  "3",
        },
        {
            "vertex1" : "B",
            "vertex2" : "H",
            "weight" :  "2",
        },
        {
            "vertex1" : "C",
            "vertex2" : "D",
            "weight" :  "2",
        },
        {
            "vertex1" : "C",
            "vertex2" : "E",
            "weight" :  "2",
        },
        {
            "vertex1" : "D",
            "vertex2" : "F",
            "weight" :  "5",
        },
        {
            "vertex1" : "E",
            "vertex2" : "F",
            "weight" :  "3",
        },
        {
            "vertex1" : "E",
            "vertex2" : "I",
            "weight" :  "7",
        },
        {
            "vertex1" : "F",
            "vertex2" : "G",
    "startVertex" : "S",
    "endVertex" : "Z"
}
