{
    "type" : "GXGraph",
    "vertices" : [
        {
            "name" : "A",
            "posx" : "788",
            "posy" : "360",
        },
        {
            "name" : "B",
            "posx" : "928",
            "posy" : "429",
        },
        {
            "name" : "C",
            "posx" : "770",
            "posy" : "149",
        },
        {
            "name" : "D",
            "posx" : "621",
            "posy" : "319",
        },
        {
            "name" : "E",
            "posx" : "386",
            "posy" : "164",
        },
        {
            "name" : "F",
            "posx" : "375",
            "posy" : "346",
        },
        {
            "name" : "G",
            "posx" : "390",
            "posy" : "490",
        },
        {
            "name" : "H",
            "posx" : "640",
            "posy" : "639",
        },
        {
            "name" : "I",
            "posx" : "211",
            "posy" : "266",
        },
        {
            "name" : "J",
            "posx" : "248",
            "posy" : "545",
        },
        {
            "name" : "K",
            "posx" : "412",
            "posy" : "600",
        },
        {
            "name" : "L",
            "posx" : "426",
            "posy" : "767",
        },
        {
            "name" : "S",
            "posx" : "969",
            "posy" : "353",
        },
        {
            "name" : "Z",
            "posx" : "281",
            "posy" : "818",
        }
    ],
    "edges" : [
        {
            "vertex1" : "S",
            "vertex2" : "A",
            "weight" :"2",
        },
        {
            "vertex1" : "S",
            "vertex2" : "B",
            "weight" :  "4",
        },
        {    
            "vertex1" : "S",
            "vertex2" : "C",
            "weight" :  "8",
        },
        {
            "vertex1" : "A",
            "vertex2" : "B",
            "weight" :  "3",
        },
        {
            "vertex1" : "A",
            "vertex2" : "D",
            "weight" :  "3",
        },
        {
            "vertex1" : "B",
            "vertex2" : "H",
            "weight" :  "2",
        },
        {
            "vertex1" : "C",
            "vertex2" : "D",
            "weight" :  "2",
        },
        {
            "vertex1" : "C",
            "vertex2" : "E",
            "weight" :  "2",
        },
        {
            "vertex1" : "D",
            "vertex2" : "F",
            "weight" :  "5",
        },
        {
            "vertex1" : "E",
            "vertex2" : "F",
            "weight" :  "3",
        },
        {
            "vertex1" : "E",
            "vertex2" : "I",
            "weight" :  "7",
        },
        {
            "vertex1" : "F",
            "vertex2" : "G",
            "weight" :  "1",
        },
        {
            "vertex1" : "F",
            "vertex2" : "I",
            "weight" :  "5",
        },
        {
            "vertex1" : "G",
            "vertex2" : "J",
            "weight" :  "8",
        },
        {
            "vertex1" : "G",
            "vertex2" : "H",
            "weight" :  "6",
        },
        {
            "vertex1" : "H",
            "vertex2" : "K",
            "weight" :  "10",
        },
        {
            "vertex1" : "H",
            "vertex2" : "L",
            "weight" :  "12",
        },
        {
            "vertex1" : "I",
            "vertex2" : "J",
            "weight" :  "2",
        },
        {
            "vertex1" : "J",
            "vertex2" : "K",
            "weight" :  "3",
        },
        {
            "vertex1" : "J",
            "vertex2" : "Z",
            "weight" :  "4",
        },{
            "vertex1" : "K",
            "vertex2" : "L",
            "weight" :  "3",
        },{
            "vertex1" : "K",
            "vertex2" : "Z",
            "weight" :  "7",
        },{
            "vertex1" : "L",
            "vertex2" : "Z",
            "weight" :  "4",
        }
    ],
    "startVertex" : "S",
    "endVertex" : "Z"
}